N Estimators,AP Score,AUC Score
10,0.157636,0.643582
20,0.175309,0.658422
40,0.184455,0.674807
60,0.189701,0.68407
80,0.195139,0.687792
100,0.19495,0.690687